product_name,url,in_stock_sizes,lowest_in_stock_price,inspired_by,top,heart,base,matched_fields,tags
Aariz Intense by Arabiyat Prestige – Sample Decant,https://decantified.com/products/aariz-intense-by-arabiyat-prestige-1ml-sample-decant,1ml ($2.49),2.49,Khamrah Lattafa Perfumes,"Saffron, Nutmeg and Orange.","Caramel, Orris, Amber and Rose.","Vanilla, Tonka Bean, Tobacco and Amber.",base,
Ace by Bujairami – Sample Decant,https://decantified.com/products/ace-by-bujairami-1ml-sample-decant,1ml ($2.49),2.49,"Uomo Born In Roma Coral Fantasy, Valentino","Red Apple, Cardamom, Calabrian Bergamot","Lavender, Bourbon Geranium, Clary Sage","Tobacco Leaf, Patchouli, Haitian Vetiver",base,
Armani Code by Giorgio Armani – Sample Decant,https://decantified.com/products/armani-code-by-giorgio-armani-1ml-sample-decant,1ml ($4.50),4.50,,"Bergamot, Lemon","Star Anise, Olive Blossom","Tonka Bean, Leather, Tobacco",base,
Art of Arabia III By Lattafa - Sample Decant,https://decantified.com/products/art-of-arabia-iii-by-lattafa,1ml ($1.99),1.99,Clive Christian Blonde Amber,"Davana, Olibanum, Bergamot","Dates, Tobacco, Sandalwood, Tuberose","Myrrh, Vanilla, Tonka Bean, Labdanum, Patchouli",heart,
Asad By Lattafa - Sample Decant,https://decantified.com/products/asad-by-lattafa-1ml-sample-decant,1ml ($1.99); 5ml ($8.89); 10ml ($16.89); Full Bottle (100ml) ($40.00),1.99,Dior Sauvage Elixir,"Black Pepper, Tobacco, Pineapple","Patchouli, Coffee, Iris","Vanilla, Amber, Dry wood, Benzoin, Labdanum",top,full-bottle
Asad Elixir by Lattafa – Sample Decant,https://decantified.com/products/asad-elixir-by-lattafa-1ml-sample-decant,1ml ($1.99),1.99,Bottled Absolu Hugo Boss,"Pink Pepper, Saffron, Grapefruit","Tobacco, Cedar, Vanilla","Patchouli, Frankincense (Olibanum), Cashmeran, Light Amber",heart,
Banadir 97 by Banadir Fragrance – Sample Decant,https://decantified.com/products/banadir-97-by-banadir-fragrance-1ml-sample-decant,1ml ($2.49),2.49,Blonde Amber by Clive Christian,"Rum, Olibanum, Bitter Orange, Cardamom, Pink Pepper, Ginger, Bergamot, Grapefruit","Dried Fruits, Blonde Tobacco, Sandalwood, Saffron, Tuberose, Osmanthus, Jasmine, Orris","Tonka Bean, Vanilla, Myrrh, Labdanum, Patchouli, Musk, Cedar, Vetiver",heart,Sample Product
Celerio Elysium by Dumont – Sample Decant,https://decantified.com/products/celerio-elysium-by-dumont-sample-decant,1ml ($2.75),2.75,Montabaco by Ormonde Jayne,"Juniper Berries, Magnolia, Spices","Leather, Cedarwood, Sandalwood","Ambergris, Tobacco",base,Sample Product
Club De Nuit Lionheart Man By Armaf - Sample Decant,https://decantified.com/products/club-de-nuit-lionheart-man-1ml-sample-decant,1ml ($2.25),2.25,Jean Paul Gaultier Le Male Elixir,"Lavender, Mint","Vanilla, Benzoin","Honey, Tobacco, Tonka Bean",base,
Fierte Luna by French Avenue – Sample Decant,https://decantified.com/products/fierte-luna-by-french-avenue-1ml-sample-decant,1ml ($2.99),2.99,XJ 1861 Naxos Xerjoff,"Incense, Tobacco, Saffron.","Spices, Elemi, Cedarwood.","Vanilla, Benzoin, Tonka.",top,
Fresh wave by Rayhaan – Sample Decant,https://decantified.com/products/fresh-wave-by-rayhaan-1ml-sample-decant-1,1ml ($1.99),1.99,Davidoff Cool Water,"Mint, Lavender, Coriander, Rosemary","Geranium, Neroli, Jasmine, Sandalwood","Cedarwood, Musk, Amber, Tobacco",base,
Gladiator by Bujairami – Sample Decant,https://decantified.com/products/gladiator-by-bujairami-1ml-sample-decant,1ml ($1.99); 5ml ($8.89); 10ml ($16.89),1.99,Triumph Of Bacchus Argos,"Rum, White Peach, Green Apple, Saffron","Tonka Bean, Patchouli, Vetiver, Jasmine","Tobacco, Vanilla, Amber, Sandalwood, Musk",base,
Hawas Viper by Rasasi – Sample Decant,https://decantified.com/products/hawas-viper-by-rasasi-1ml-sample-decant,1ml ($2.49),2.49,Black Afgano Nasomatto,"Saffron, Cannabis, Thyme, Green Notes, Davana","Tobacco, Coffee, Raspberry, Cinnamon, Violet","Tonka, Musk, Gurjan Balsam",heart,
Imperium X by Fragrance World – Sample Decant,https://decantified.com/products/imperium-x-by-fragrance-world-1ml-sample-decant,1ml ($2.25),2.25,Apex Roja Dove,"Bergamot, Lemon, Mandarin Orange","Pineapple, Cedar, Jasmine","Leather, Tobacco, Patchouli, Amber, Musk, Rum, Cypress, Cashmere Wood",base,
Infinity By Armaf – Sample Decant,https://decantified.com/products/black-by-armaf-1ml-sample-decant,1ml ($2.25); 5ml ($10.09); 10ml ($19.09),2.25,L’Homme Ultime,"Bergamot, Pepper, Lemon","White Flowers, Woods, Rose","Amber, Tobacco, Woody Notes",base,size-5ml-10ml
Mafia Boss by Bujairami – Sample Decant,https://decantified.com/products/mafia-boss-by-bujairami-1ml-sample-decant,1ml ($2.49),2.49,Blonde Amber by Clive Christian,"Rum, Olibanum, Bitter Orange, Cardamom, Pink Pepper, Ginger, Bergamot, Grapefruit","Dried Fruits, White Tobacco, Tuberose, Sandalwood, Saffron, Osmanthus, Orris, Jasmine","Tonka Bean, Myrrh, Vanilla, Labdanum, Patchouli, Musk, Cedar, Vetiver",heart,Sample Product
Majestueux The Lion's Club by Armaf - Sample Decant,https://decantified.com/products/majestueux-the-lions-club-by-armaf-1ml-sample-decant,1ml ($2.49),2.49,Herod Parfums de Marly,"Cinnamon, Pepper","Tobacco Leaf, Incense, Osmanthus, Labdanum","Vanilla, Cedar, Musk, Vetiver, Cypriol (Nagarmotha)",heart,
Mashrabya by Lattafa – Sample Decant,https://decantified.com/products/mashrabya-by-lattafa-1ml-sample-decant,1ml ($1.99),1.99,Smoking Hot By Kilian,"Apple Shisha Accord, Pink Pepper","Tobacco, Cinnamon, Dates","Oud Smoke, Caramel, Vanilla, Patchouli",heart,
Nuclear by Bujairami – Sample Decant,https://decantified.com/products/nuclear-by-bujairami-1ml-sample-decant,1ml ($1.99),1.99,Spicebomb Extreme Viktor&Rolf,"Whiskey, Cinnamon","Saffron, Cumin","Vanilla, Tobacco",base,
Nuke by Fragrance World – Sample Decant,https://decantified.com/products/nuke-by-fragrance-world-1ml-sample-decant,1ml ($1.99),1.99,Spicebomb Viktor&Rolf,"Elemi, Pink Pepper, Grapefruit, Bergamot","Cinnamon, Saffron, Paprika","Leather, Tobacco, Vetiver",base,
Odyssey Spectra By Armaf - Sample Decant,https://decantified.com/products/odyssey-spectra-by-armaf-1ml-sample-decant,1ml ($1.99),1.99,Jean Paul Gaultier Ultra Male,"Cinnamon, Apple, Bergamot","Cinnamon, Lavender, Orange Blossom, Lily of the Valley","Vanilla, Tonka Bean, Tobacco, Amber, Patchouli",base,
Olfactory Music Fest By Fragrance World - Sample Decant,https://decantified.com/products/olfactory-music-fest-by-fragrance-world-1ml-sample-decant,1ml ($1.99),1.99,Maison Margiela Jazz Club,"Pink Pepper, Lemon, Neroli","Rum, Vetiver, Sage","Tobacco, Vanilla (and woody / amber hints)",base,
Power by Bujairami – Sample Decant,https://decantified.com/products/power-by-bujairami-1ml-sample-decant,1ml ($1.99),1.99,Le Male Elixir J.P.G,"Artemisia, Lavender, Mint","Honey, Tobacco","Vanilla, Tonka Bean, Amber Wood",heart,
Rayhaan Elixir by Rayhaan – Sample Decant,https://decantified.com/products/rayhaan-elixir-by-rayhaan-1ml-sample-decant-1,1ml ($1.99),1.99,Le Male Elixir Jean Paul Gaultier,"Mint, Citrus (lemon/bergamot)","Lavender, Honey & Tobacco facets","Vanilla, Tonka Bean, Musk",heart,
Royal Taboo Aromatix by French Avenue – Sample Decant,https://decantified.com/products/royal-taboo-aromatix-by-french-avenue-1ml-sample-decant,1ml ($2.75); 5ml ($12.29); 10ml ($23.29),2.75,Centaurus Creed,"Cinnamon, Cardamom, Amber, Benzoin","Tobacco, Cashmere Wood, Heliotrope, Jasmine","Vanilla, Patchouli, Tonka Bean, Dry Wood",heart,
Shobi 1099-DOL MP - Sample Decant,https://decantified.com/products/shobi-1099-dol-mp-1ml-sample-decant,1ml ($1.99),1.99,The One,"Grapefruit, Coriander, Basil — invigorating and zesty citrus with aromatic green hints.","Ginger, Cardamom, Orange Blossom — spicy warmth with a floral edge that deepens the character.","Amber, Tobacco, Cedar — rich, smoky, and woody notes that give depth and lasting warmth.",base,
Shobi 1861 NAXOS - XERJOFF - Sample Decant,https://decantified.com/products/shobi-1861-naxos-xerjoff-1ml-sample-decant,1ml ($1.99),1.99,1861 Naxos by Xerjoff,"Lavender, Bergamot, Lemon — a fresh, bright opening that awakens the senses.","Honey, Cinnamon, Cashmeran, Jasmine Sambac — a warm, sweet‑spicy heart with floral richness.","Tobacco Leaf, Vanilla, Tonka Bean — a smooth, creamy dry‑down with depth and warmth.",base,
Shobi 2297-BYR AR - Sample Decant,https://decantified.com/products/shobi-2297-byr-ar-1ml-sample-decant,1ml ($1.99),1.99,Animalique,"Bergamot, Lemon — fresh and invigorating citrus.","Violet, Mimosa — soft floral elegance.","Suede, Tobacco Leaf, Amber — warm, powdery, leathery depth.",base,
Shobi BOIS DORE - VAN CLEEF & ARPELS - Sample Decant,https://decantified.com/products/shobi-bois-dore-van-cleef-arpels-1ml-sample-decant,1ml ($1.99),1.99,BOIS DORE - VAN CLEEF & ARPELS,"Black Pepper, Mineral Notes — spicy, intriguing, and slightly earthy.","Vanilla, Almond, Tobacco, Cedarwood — creamy vanilla and nutty almond give softness while tobacco and cedar add depth.","Tonka Bean, Teak Wood, Musk — warm, smooth base that lingers with woody sweetness.",heart,
Shobi INTOXICATED - KILIAN - Sample Decant,https://decantified.com/products/shobi-intoxicated-kilian-1ml-sample-decant,1ml ($1.99),1.99,INTOXICATED - KILIAN,"Cardamom, Coffee, Bergamot, Aldehydes — a spicy yet fresh opening.","Nutmeg, Cinnamon, Tobacco, Ginger, Geranium — warm spice and depth.","Caramel, Vanilla, Mocha, Marshmallow, Patchouli, Sugar, Coumarin — a sweet, gourmand dry‑down.",heart,
Shobi OPUS XIV ROYAL TOBACCO - AMOUAGE,https://decantified.com/products/shobi-opus-xiv-royal-tobacco-amouage,1ml ($1.99),1.99,OPUS XIV ROYAL TOBACCO - AMOUAGE,"Frankincense (Olibanum), Anise, Elemi resin, Cardamom, Basil, Bergamot — an intriguing blend of incense, spice, and bright citrus that opens with defining warmth and complexity.","Tobacco, Licorice root, Fenugreek, Prunol, Lavender, Orange Blossom, Osmanthus, Rose — deep herbal and floral elements that give the heart a rich, textured character.","Bourbon Vanilla, Myrrh, Birch Tar, Benzoin, Oud (Agarwood), Peru Balsam, Labdanum, Guaiac wood, Tonka Bean, Vetiver, Musk — a lasting foundation of smoky woods, warm sweetness, and resinous depth.",name; inspired_by; heart,
Shobi Perfumery 1930-VIC M – Sample Decant,https://decantified.com/products/shobi-perfumery-1930-vic-m-1ml-sample-decant,1ml ($1.99),1.99,Spicebomb Extreme Viktor&Rolf,"Tobacco Leaf, Spices","Tonka Bean, Vanilla, Cacao, Tobacco Flower","Dried Fruits, Woody Notes",top; heart,
Shobi Perfumery TOBACCO VANILLE TOM FORD – Sample Decant,https://decantified.com/products/shobi-perfumery-tobacco-vanille-tom-ford-1ml-sample-decant,1ml ($1.99),1.99,Tobacco Vanille Tom Ford,"Tobacco Leaf, Spices","Tonka Bean, Vanilla, Cacao, Tobacco Flower","Dried Fruits, Woody Notes",name; inspired_by; top; heart,
The Kingdom For Men Lattafa - Sample Decant,https://decantified.com/products/the-kingdom-for-men-lattafa-1ml-sample-decant,1ml ($1.99); 5ml ($8.89); 10ml ($16.89),1.99,Jean Paul Gaultier Le Male Elixir,"Lavender, Mint, Sage","Vanilla, Tobacco, Orange Blossom","Tonka, Benzoin, Labdanum",heart,
Tobacco 01 by Swiss Arabian – Sample Decant,https://decantified.com/products/tobacco-01-by-swiss-arabian-1ml-sample-decant,1ml ($2.99); 5ml ($13.39); 10ml ($25.00),2.99,Side Effect Initio Parfums Prives,"Plum, Apple, Licorice, Cumin, Pink Pepper","Labdanum, Amber, Patchouli, Ylang-Ylang","Tobacco, Honey, Vanilla, Sandalwood, Musk, Cashmere Wood",name; base,size-5ml-10ml
